dataset, median, 90th, 95th, 99th, max, mean, mse, mape, pccs, , query_dur_ms
cols_2_distinct_10_corr_2_skew_2, 1.0185001360954713, 1.0647870425914816, 1.0975461981217813, 1.105595084087969, 1.1070504527813714, 1.026327832554442, 31864.811, 2.569565474432146, (0.9999587989695765, 0.0), 2.8080251216888428
cols_2_distinct_10_corr_2_skew_4, 1.0120967741935485, 1.0426831227722597, 1.0470970361347949, 1.0644756959469204, 1.0697802197802198, 1.015663531261517, 13427.276, 1.5441389209093814, (0.9999833714831482, 0.0), 3.0691978931427
cols_2_distinct_10_corr_2_skew_6, 1.0108014120870437, 1.054137323943662, 1.0653671548982255, 1.0952380952380953, 1.0952380952380953, 1.0204851460460098, 20108.758, 2.0157979860942037, (0.999976243369715, 0.0), 2.86771297454834
cols_2_distinct_10_corr_2_skew_8, 1.0179640718562875, 1.0676959619952493, 1.1055555555555554, 2.0, 2.0, 1.0450105873087454, 24587.352, 4.4646247336948734, (0.9999730469652335, 0.0), 3.5302205085754395
cols_2_distinct_10_corr_4_skew_2, 1.0295670124643967, 1.069001074113856, 1.0869297163995069, 1.1238670694864048, 1.1238670694864048, 1.0339793657901442, 51648.585, 3.3076130727664603, (0.9999298867105688, 0.0), 2.8607335090637207
cols_2_distinct_10_corr_4_skew_4, 1.0163979758267456, 1.0519436997319034, 1.0666666666666667, 1.097672064777328, 1.097672064777328, 1.0228825007305424, 17524.59, 2.2373761584084004, (0.9999782382317433, 0.0), 2.7528460025787354
cols_2_distinct_10_corr_4_skew_6, 1.0243255196815568, 1.099526066350711, 1.111842105263158, 1.3333333333333333, 1.3333333333333333, 1.0382870277032996, 34771.665, 3.6849398928383876, (0.9999624432069888, 0.0), 2.8198907375335693
cols_2_distinct_10_corr_4_skew_8, 1.0263289869608827, 1.106508875739645, 1.3380952380952338, 1.75, 1.75, 1.06217781026321, 54021.118, 6.102219844088649, (0.9999539559662662, 0.0), 2.773519277572632
cols_2_distinct_10_corr_6_skew_2, 1.0282318259467158, 1.1333930170098478, 1.1749460043196545, 1.265, 1.265, 1.0484682297282144, 97199.187, 4.437683170071173, (0.999894425857219, 0.0), 2.8525965213775635
cols_2_distinct_10_corr_6_skew_4, 1.0243714479833546, 1.0976491862567812, 1.1353233462876402, 1.250467289719626, 1.250467289719626, 1.0412778005790326, 84889.846, 3.866042824221473, (0.999908085867646, 0.0), 2.8062283992767334
cols_2_distinct_10_corr_6_skew_6, 1.0382244873770297, 1.1293103448275863, 1.146153846153846, 1.3333333333333333, 1.3333333333333333, 1.0531270487690017, 215880.533, 5.004012979442527, (0.9998097672661662, 0.0), 2.825944185256958
cols_2_distinct_10_corr_6_skew_8, 1.0339887640449439, 1.1326996188957097, 1.25, 1.6, 2.0, 1.0766585509813122, 191376.315, 7.521107524200886, (0.9998491060418874, 0.0), 2.7065913677215576
cols_2_distinct_10_corr_8_skew_2, 1.0293086970372731, 1.1261422303666766, 1.1433823529411764, 1.1444805194805194, 1.4052863436123348, 1.051024833744846, 18511.013, 5.008417952827346, (0.999984292169239, 0.0), 2.7397351264953613
cols_2_distinct_10_corr_8_skew_4, 1.0293040293040292, 1.1586715867158672, 1.2321187584345479, 1.3522727272727273, 1.3522727272727273, 1.0613175347509591, 14134.188, 5.955157804989017, (0.9999871290020739, 0.0), 2.8232288360595703
cols_2_distinct_10_corr_8_skew_6, 1.0310880829015545, 1.1569186875891584, 1.1964705882352942, 1.4218421052631571, 1.5, 1.0646781695030711, 9383.211, 6.247179017630164, (0.9999921922157745, 0.0), 2.793929100036621
cols_2_distinct_10_corr_8_skew_8, 1.0728865030456816, 1.2159090909090908, 1.25, 2.5, 2.5, 1.1238114901140865, 106271.847, 12.361079297050596, (0.9999497544648843, 0.0), 2.7024917602539062
cols_2_distinct_100_corr_2_skew_2, 1.022302604044084, 1.1311880059705444, 1.1852278567757408, 1.2867924528301886, 1.575268817204301, 1.0500784122362448, 23582.79, 4.739861585566316, (0.9999671471371379, 0.0), 3.5248634815216064
cols_2_distinct_100_corr_2_skew_4, 1.023396871945259, 1.1415094339622642, 1.206646174863388, 1.5416666666666667, 2.0, 1.0598047259375953, 15645.78, 5.539141037693215, (0.9999800494748062, 0.0), 2.711341142654419
cols_2_distinct_100_corr_2_skew_6, 1.0189854852281226, 1.1310344827586207, 1.1821493624772312, 1.4583333333333333, 2.0, 1.0522347505105683, 17230.156, 4.871377006157162, (0.999980611591036, 0.0), 3.1868486404418945
cols_2_distinct_100_corr_2_skew_8, 1.0261016767889406, 1.191048951048951, 1.4, 2.0, 2.0, 1.0848057170433039, 39593.336, 8.104963002000483, (0.9999582754335722, 0.0), 2.6760566234588623
cols_2_distinct_100_corr_4_skew_2, 1.0223994365164364, 1.1266666666666667, 1.163295318127251, 1.2740920408488012, 1.5, 1.0484711062588052, 7871.405, 4.632644265798202, (0.9999902464164965, 0.0), 3.4732043743133545
cols_2_distinct_100_corr_4_skew_4, 1.0256410256410255, 1.144284904103939, 1.1936178031849733, 1.3450635208711432, 2.0, 1.0578215162018327, 9503.731, 5.466618077202132, (0.9999883580880903, 0.0), 2.7771406173706055
cols_2_distinct_100_corr_4_skew_6, 1.0243044377838273, 1.146067415730337, 1.2107393939393938, 1.5016666666666652, 3.0, 1.0654447035465118, 11766.647, 6.231836599820679, (0.999986498879148, 0.0), 3.4994311332702637
cols_2_distinct_100_corr_4_skew_8, 1.0300254452926207, 1.2408163265306122, 1.5, 2.0, 2.3333333333333335, 1.0990686678176316, 11916.686, 9.183738283636886, (0.9999892630190166, 0.0), 2.8071341514587402
cols_2_distinct_100_corr_6_skew_2, 1.0353560657168934, 1.1961427193828351, 1.2633093525179855, 1.4695652173913043, 1.8741721854304636, 1.0739716076581962, 13979.516, 6.731779491165383, (0.999989168573544, 0.0), 3.467240571975708
cols_2_distinct_100_corr_6_skew_4, 1.0381338022965405, 1.183621584226911, 1.25, 1.4285714285714286, 3.0, 1.0736202536931396, 8797.331, 7.004636471185677, (0.9999937109693268, 0.0), 2.908076047897339
cols_2_distinct_100_corr_6_skew_6, 1.0454423983285555, 1.2356521739130435, 1.3200714285714286, 1.5, 3.0, 1.08699403206574, 17552.702, 8.098702891260592, (0.9999851451427655, 0.0), 2.8606419563293457
cols_2_distinct_100_corr_6_skew_8, 1.0574652980979473, 1.3055205429644894, 1.5, 2.0, 3.0, 1.127297051813504, 136904.72, 12.05979749265905, (0.9999080890467293, 0.0), 2.842648983001709
cols_2_distinct_100_corr_8_skew_2, 1.0464139060715554, 1.2483576642335765, 1.4285714285714286, 2.0, 2.1153846153846154, 1.1053450092506663, 16930.669, 9.007806988923111, (0.9999887242990457, 0.0), 2.8191077709198
cols_2_distinct_100_corr_8_skew_4, 1.0417702415474204, 1.3103448275862069, 1.4591008771929816, 2.0, 2.5, 1.1103857635613312, 12389.451, 9.447759201898227, (0.9999899087999189, 0.0), 2.7459442615509033
cols_2_distinct_100_corr_8_skew_6, 1.0510204081632653, 1.3432835820895523, 1.5, 2.001363636363635, 3.0, 1.1286760002925662, 65470.986, 11.266508436738215, (0.9999512604397381, 0.0), 2.8002805709838867
cols_2_distinct_100_corr_8_skew_8, 1.0706521739130435, 1.3971428571428572, 1.5862068965517242, 2.0, 3.0, 1.1489082972210194, 175429.206, 13.266880682120691, (0.9998952173777492, 0.0), 2.7860360145568848
cols_2_distinct_1000_corr_2_skew_2, 1.0414911207755733, 1.3340425531914895, 1.5627840909090907, 2.2638596491228062, 4.333333333333333, 1.1403105659850963, 7198.592, 11.252213076695128, (0.9999910115396285, 0.0), 3.105968713760376
cols_2_distinct_1000_corr_2_skew_4, 1.0330601092896177, 1.3333333333333333, 1.5714285714285714, 2.2502272727272725, 3.625, 1.1330761021705031, 4218.548, 11.154781782401463, (0.9999949338702626, 0.0), 3.1076865196228027
cols_2_distinct_1000_corr_2_skew_6, 1.0253205128205127, 1.3333333333333333, 1.5827272727272719, 2.3339999999999996, 3.0, 1.1309395070148798, 13092.624, 11.058095739791836, (0.9999852102773982, 0.0), 3.11853289604187
cols_2_distinct_1000_corr_2_skew_8, 1.023566319267474, 1.4171052631578949, 2.0, 2.04385428907168, 3.0, 1.1413597368100914, 11575.115, 12.445633064671654, (0.9999871602368428, 0.0), 3.147458791732788
cols_2_distinct_1000_corr_4_skew_2, 1.0393521613190733, 1.4, 1.558565891472868, 2.044197324414715, 4.5, 1.1516081926343718, 18684.196, 12.440434043810312, (0.9999803069530319, 0.0), 3.034095287322998
cols_2_distinct_1000_corr_4_skew_4, 1.0508835300501969, 1.4, 1.589126559714794, 2.158649122807017, 3.4, 1.1529498778639682, 13391.904, 12.601024451339992, (0.9999868059383435, 0.0), 3.1088178157806396
cols_2_distinct_1000_corr_4_skew_6, 1.0434782608695652, 1.5, 1.7505952380952376, 2.3333333333333335, 3.5555555555555554, 1.1717733413465228, 5169.054, 14.374150301054225, (0.9999947398508606, 0.0), 3.1120989322662354
cols_2_distinct_1000_corr_4_skew_8, 1.0497610462685567, 1.5, 2.0, 2.5, 5.0, 1.1725603887177727, 7941.219, 14.612409674846274, (0.999991525974359, 0.0), 2.8025145530700684
cols_2_distinct_1000_corr_6_skew_2, 1.0437979539641944, 1.5, 1.8004761904761901, 2.4003749999999995, 4.0, 1.1848937678922717, 8768.602, 15.597358274005963, (0.9999921642306692, 0.0), 2.818572521209717
cols_2_distinct_1000_corr_6_skew_4, 1.0539171839457144, 1.5, 1.7696581196581191, 2.5723809523809518, 3.8, 1.1863729503123919, 17198.536, 15.174597355346691, (0.9999878205062712, 0.0), 2.844414472579956
cols_2_distinct_1000_corr_6_skew_6, 1.073634664223846, 1.5, 1.7585858585858576, 2.25, 3.5, 1.1907653714858228, 59799.682, 16.039504530713945, (0.999952081944189, 0.0), 2.8259496688842773
cols_2_distinct_1000_corr_6_skew_8, 1.0651918678923447, 1.5, 1.8, 2.5, 5.0, 1.1757434945145515, 246550.745, 14.687916547126123, (0.9998458135037592, 0.0), 2.834934711456299
cols_2_distinct_1000_corr_8_skew_2, 1.0569998837107888, 1.6666666666666667, 2.0, 3.3349999999999986, 5.0, 1.2379239197206968, 7934.84, 18.69726918444912, (0.9999933621797729, 0.0), 2.7880825996398926
cols_2_distinct_1000_corr_8_skew_4, 1.05, 1.6666666666666667, 2.1683333333333317, 3.001999999999998, 5.0, 1.239259600027909, 9104.327, 17.73588620140743, (0.9999926204574738, 0.0), 2.757484197616577
cols_2_distinct_1000_corr_8_skew_6, 1.0674249530956847, 1.75, 2.0, 3.3349999999999986, 4.0, 1.2513450214458808, 11706.723, 20.934155167040526, (0.9999914226346679, 0.0), 2.7892632484436035
cols_2_distinct_1000_corr_8_skew_8, 1.0328569705740474, 1.6666666666666667, 2.0, 3.0, 6.5, 1.21146111962685, 9859.112, 18.230600930245664, (0.9999952467891552, 0.0), 2.73016357421875
cols_2_distinct_10000_corr_2_skew_2, 1.0135755867321414, 2.0, 2.6666666666666665, 5.0, 8.5, 1.3212718734076325, 24588.434, 22.71388205753249, (0.9999702002842675, 0.0), 11.209362745285034
cols_2_distinct_10000_corr_2_skew_4, 1.013876174634401, 2.0, 2.3416666666666592, 5.0, 9.0, 1.3034170317128861, 18309.859, 21.332425563772325, (0.9999776802423356, 0.0), 11.179935693740845
cols_2_distinct_10000_corr_2_skew_6, 1.0192223033652335, 2.0, 2.3333333333333335, 4.009999999999991, 8.0, 1.2971351786595042, 24878.503, 21.9224763643294, (0.9999717659992747, 0.0), 11.189584255218506
cols_2_distinct_10000_corr_2_skew_8, 1.0131510073580292, 2.0, 2.0, 3.0, 6.0, 1.2388229853525445, 20954.38, 18.85759894584193, (0.9999813255421452, 0.0), 11.165754556655884
cols_2_distinct_10000_corr_4_skew_2, 1.0140200910988009, 2.0, 3.0, 4.501249999999999, 6.0, 1.3506955131449125, 15113.234, 23.28023369734665, (0.9999831744297047, 0.0), 11.175029754638672
cols_2_distinct_10000_corr_4_skew_4, 1.017772924800445, 2.0, 2.5, 4.0, 6.0, 1.3138812463369844, 21424.492, 22.817573724302562, (0.9999799383994294, 0.0), 11.147938013076782
cols_2_distinct_10000_corr_4_skew_6, 1.0182761866640901, 2.0, 2.5, 4.0, 6.0, 1.295746703236449, 23424.505, 21.944602710367363, (0.999979326248842, 0.0), 11.174828052520752
cols_2_distinct_10000_corr_4_skew_8, 1.010991519078369, 1.8033333333333341, 2.0, 4.0, 6.0, 1.245267731555687, 20781.279, 17.8415189691645, (0.9999844515087537, 0.0), 11.276293754577637
cols_2_distinct_10000_corr_6_skew_2, 1.0152440018600433, 2.0, 3.0, 4.0, 8.0, 1.3507635709455845, 15509.029, 26.522742197397836, (0.9999862822865621, 0.0), 11.187469720840454
cols_2_distinct_10000_corr_6_skew_4, 1.017098201193532, 2.0, 2.5, 4.0, 18.0, 1.3245371144529792, 13702.137, 25.679524986201415, (0.9999884735388307, 0.0), 11.167051792144775
cols_2_distinct_10000_corr_6_skew_6, 1.0168498582940373, 2.0, 2.5, 4.009999999999991, 12.0, 1.3327159159640816, 15471.598, 24.444646513664246, (0.9999854121488977, 0.0), 11.18575119972229
cols_2_distinct_10000_corr_6_skew_8, 1.014193440410927, 2.0, 2.154487179487179, 4.0, 8.0, 1.2696300876362376, 14422.838, 21.30044709535528, (0.9999879785467437, 0.0), 11.140297651290894
cols_2_distinct_10000_corr_8_skew_2, 1.0137702580944679, 2.0, 2.0083333333333258, 4.5049999999999955, 12.0, 1.2843192188247432, 10080.31, 24.473288749042837, (0.9999923929147042, 0.0), 11.162716627120972
cols_2_distinct_10000_corr_8_skew_4, 1.0199885491125562, 2.0, 2.5, 4.0049999999999955, 10.0, 1.2940518433014891, 14864.491, 25.011313866071866, (0.9999891214386514, 0.0), 11.18543028831482
cols_2_distinct_10000_corr_8_skew_6, 1.0175237762136264, 2.0, 2.25, 4.0, 8.0, 1.2627838222154224, 20125.173, 22.2717633282406, (0.9999885632762073, 0.0), 11.13729453086853
cols_2_distinct_10000_corr_8_skew_8, 1.0114445346209142, 1.8500000000000036, 2.0, 3.5049999999999955, 9.0, 1.2028600918990944, 30819.69, 17.371989889171807, (0.9999870645161552, 0.0), 11.09064769744873
cols_4_distinct_10_corr_2_skew_2, 1.036366735634346, 1.162162162162162, 1.2227390180878548, 1.5, 2.75, 1.069201724899569, 2004.104, 6.522100368709449, (0.999975105085767, 0.0), 4.661617755889893
cols_4_distinct_10_corr_2_skew_4, 1.0394431554524362, 1.158321479374111, 1.2833333333333334, 1.7524999999999977, 4.0, 1.0791766845226884, 3563.385, 7.384265856374089, (0.9999577291143428, 0.0), 4.8843793869018555
cols_4_distinct_10_corr_2_skew_6, 1.0348419872006334, 1.1605158730158731, 1.2857142857142858, 2.0, 4.0, 1.080894663225034, 2542.673, 7.700761788853881, (0.9999557739861319, 0.0), 4.782760858535767
cols_4_distinct_10_corr_2_skew_8, 1.0319753751967382, 1.25, 1.5, 2.00090909090909, 3.0, 1.105526068587211, 1921.138, 9.627299534039995, (0.9999624505559335, 0.0), 4.86649751663208
cols_4_distinct_10_corr_4_skew_2, 1.0361990950226245, 1.144927536231884, 1.2311355311355308, 1.5, 3.0, 1.0697018129474525, 3870.527, 6.540904266422315, (0.9999233150273196, 0.0), 4.7274086475372314
cols_4_distinct_10_corr_4_skew_4, 1.0375595133133486, 1.1666666666666667, 1.2380952380952381, 1.6039999999999965, 2.5, 1.0748744803702943, 4246.686, 7.0255326819541875, (0.999935595280405, 0.0), 4.808538913726807
cols_4_distinct_10_corr_4_skew_6, 1.037696335078534, 1.1666666666666667, 1.2434870961186748, 1.5, 2.5, 1.0694623184047254, 3203.66, 6.469612435207768, (0.9999471097884411, 0.0), 4.827868461608887
cols_4_distinct_10_corr_4_skew_8, 1.0433848410825624, 1.25, 1.5, 2.0, 3.25, 1.1149710543482934, 4127.154, 10.710868234220788, (0.9999506211510991, 0.0), 4.845258712768555
cols_4_distinct_10_corr_6_skew_2, 1.0493827160493827, 1.1875, 1.2857142857142858, 1.625, 2.0, 1.0861650875321045, 2725.13, 7.965794802447326, (0.9999437721156967, 0.0), 4.765172958374023
cols_4_distinct_10_corr_6_skew_4, 1.0481927710843373, 1.2, 1.3333333333333333, 1.818571428571428, 4.0, 1.0979904740436115, 2568.275, 8.967327117200332, (0.9999511631829449, 0.0), 4.792994260787964
cols_4_distinct_10_corr_6_skew_6, 1.0464396284829722, 1.25, 1.4, 2.009999999999991, 4.0, 1.118040815059638, 4834.881, 11.070435900953935, (0.9999196318515101, 0.0), 4.726311445236206
cols_4_distinct_10_corr_6_skew_8, 1.050179856115108, 1.3333333333333333, 1.716071428571427, 2.0049999999999955, 3.0, 1.1401950249526507, 6143.669, 12.960241751644489, (0.9999470274006309, 0.0), 4.760453462600708
cols_4_distinct_10_corr_8_skew_2, 1.0477616196179071, 1.2857142857142858, 1.4078703703703699, 2.0, 4.0, 1.119865782409449, 3879.255, 10.920619630532084, (0.9999531963237771, 0.0), 4.785032033920288
cols_4_distinct_10_corr_8_skew_4, 1.0514285714285714, 1.3076923076923077, 1.4545454545454546, 2.0049999999999955, 3.5, 1.1243656101742265, 4383.435, 10.85989258118134, (0.9999645716976658, 0.0), 4.725737571716309
cols_4_distinct_10_corr_8_skew_6, 1.0571428571428572, 1.3333333333333333, 1.5, 2.0, 5.0, 1.1457020845554284, 2838.009, 13.05450589283909, (0.9999816775552894, 0.0), 4.812623500823975
cols_4_distinct_10_corr_8_skew_8, 1.0639148936170213, 1.5, 1.8333333333333333, 3.0, 4.0, 1.1910029031044227, 9142.315, 16.51570973184386, (0.9999376208745683, 0.0), 4.755234956741333
cols_4_distinct_100_corr_2_skew_2, 1.0531015037593985, 1.5, 2.0, 3.0, 5.0, 1.1924809671805292, 1726.662, 17.217402919337243, (0.9999820734182938, 0.0), 5.7020182609558105
cols_4_distinct_100_corr_2_skew_4, 1.051836094939543, 1.6666666666666667, 2.0, 3.0, 5.0, 1.2107494131335503, 1127.661, 19.257812553819633, (0.9999867231008693, 0.0), 5.996734857559204
cols_4_distinct_100_corr_2_skew_6, 1.0574175824175824, 1.6666666666666667, 2.0, 3.0, 5.0, 1.2169290036248814, 2578.331, 19.421221516349192, (0.999979953091364, 0.0), 4.7977135181427
cols_4_distinct_100_corr_2_skew_8, 1.0558932792975346, 1.5, 2.0, 3.0, 6.0, 1.1927590944522823, 2513.577, 17.78358159404365, (0.9999721427009501, 0.0), 4.752780914306641
cols_4_distinct_100_corr_4_skew_2, 1.064516129032258, 1.6666666666666667, 2.0, 3.0, 4.0, 1.2233529508135095, 2791.079, 19.948063118039762, (0.9999792352926347, 0.0), 4.801871061325073
cols_4_distinct_100_corr_4_skew_4, 1.0658938461966656, 1.75, 2.0, 3.0, 6.0, 1.2456953166546472, 1530.48, 21.845327000023474, (0.9999878230816346, 0.0), 4.853826284408569
cols_4_distinct_100_corr_4_skew_6, 1.0680337352332239, 1.6666666666666667, 2.0, 3.0, 7.0, 1.2421699128310142, 2609.392, 21.829561116733984, (0.9999774819746683, 0.0), 4.7986273765563965
cols_4_distinct_100_corr_4_skew_8, 1.0695727161455435, 1.75, 2.0, 3.0, 5.0, 1.2514460396318974, 2664.635, 22.910791119221432, (0.999976119769928, 0.0), 4.838926315307617
cols_4_distinct_100_corr_6_skew_2, 1.0663003663003663, 1.6, 2.0, 3.0, 6.0, 1.2209382063725607, 1895.598, 19.395198955547393, (0.9999604458293152, 0.0), 6.115969181060791
cols_4_distinct_100_corr_6_skew_4, 1.078395220904246, 1.6666666666666667, 2.0, 3.0, 5.5, 1.244437283243216, 6276.655, 21.792544774291976, (0.9999148782228778, 0.0), 4.828608989715576
cols_4_distinct_100_corr_6_skew_6, 1.0809581320450885, 1.6, 2.0, 3.0, 6.0, 1.2229238321085845, 7557.031, 19.95027110779487, (0.9999210358073894, 0.0), 5.149487018585205
cols_4_distinct_100_corr_6_skew_8, 1.1, 1.675000000000002, 2.0, 3.0, 6.0, 1.2469106996157944, 29840.267, 22.177443216536886, (0.9997598740515333, 0.0), 4.634061574935913
cols_4_distinct_100_corr_8_skew_2, 1.074227119681665, 1.6, 2.0, 3.0, 4.5, 1.2134201850776343, 3061.558, 18.327088230988114, (0.9999699727279893, 0.0), 4.981184720993042
cols_4_distinct_100_corr_8_skew_4, 1.0711309523809525, 1.6, 2.0, 3.0, 4.0, 1.2164349320672418, 2170.656, 17.546726700445582, (0.9999727619719899, 0.0), 4.892270803451538
cols_4_distinct_100_corr_8_skew_6, 1.0689089881288862, 1.6, 2.0, 3.0, 5.0, 1.2206499823252321, 4305.504, 18.424788649972683, (0.9999844371867623, 0.0), 5.1099748611450195
cols_4_distinct_100_corr_8_skew_8, 1.0769230769230769, 2.0, 2.0, 3.0, 4.5, 1.2492848547055295, 3375.39, 22.30074879493622, (0.999977594185711, 0.0), 4.802144289016724
cols_4_distinct_1000_corr_2_skew_2, 1.0836513994910941, 1.7014285714285717, 2.0, 4.0, 5.0, 1.2717785001931234, 6459.608, 24.346103879348476, (0.9999551250343001, 0.0), 6.682425498962402
cols_4_distinct_1000_corr_2_skew_4, 1.0833333333333333, 1.6727272727272742, 2.0, 3.0, 8.0, 1.2632760833474042, 7123.946, 23.872653821670976, (0.9999496265233134, 0.0), 6.463463544845581
cols_4_distinct_1000_corr_2_skew_6, 1.1043557168784028, 2.0, 2.144047619047618, 4.0, 9.0, 1.3328486685536483, 4200.111, 29.228276767220073, (0.9999664610948109, 0.0), 6.470078945159912
cols_4_distinct_1000_corr_2_skew_8, 1.0909090909090908, 1.9000000000000026, 2.0, 3.0, 4.0, 1.27088300091173, 8419.4, 23.734403411888998, (0.9999266366963583, 0.0), 7.15447473526001
cols_4_distinct_1000_corr_4_skew_2, 1.088320735938887, 1.8, 2.0, 4.0, 6.0, 1.2904613518305037, 7550.996, 26.04462806427341, (0.9999517752730417, 0.0), 6.513566970825195
cols_4_distinct_1000_corr_4_skew_4, 1.0942709462197386, 1.8333333333333333, 2.1287499999999966, 3.5049999999999955, 5.0, 1.2933524210502578, 13124.353, 26.69654363484204, (0.9998737442629809, 0.0), 6.46244740486145
cols_4_distinct_1000_corr_4_skew_6, 1.101438535309503, 2.0, 2.0, 3.0, 6.0, 1.2921598757290615, 20019.515, 25.15447064300084, (0.9997480562353814, 0.0), 6.444228887557983
cols_4_distinct_1000_corr_4_skew_8, 1.1, 2.0, 2.0, 3.0, 5.0, 1.2908049162232933, 41818.555, 25.334848934119307, (0.999733841178691, 0.0), 6.6372292041778564
cols_4_distinct_1000_corr_6_skew_2, 1.1356366165128335, 2.0, 2.3333333333333335, 4.0, 6.0, 1.3566167950846242, 10249.396, 31.16056343446889, (0.999905777363062, 0.0), 6.481595039367676
cols_4_distinct_1000_corr_6_skew_4, 1.114955755723979, 2.0, 2.202499999999998, 3.0, 5.0, 1.3161575012199151, 32378.815, 28.128399729813193, (0.9997120748158524, 0.0), 6.46537184715271
cols_4_distinct_1000_corr_6_skew_6, 1.130102887487554, 2.0, 2.25, 4.0, 5.0, 1.3408159881732644, 43956.091, 30.778643967387183, (0.9997414253858313, 0.0), 6.612640619277954
cols_4_distinct_1000_corr_6_skew_8, 1.102397292917739, 2.0, 2.1683333333333317, 4.0, 6.0, 1.3117556686512288, 37473.242, 28.13883791914759, (0.9998493447973886, 0.0), 6.610678434371948
cols_4_distinct_1000_corr_8_skew_2, 1.1040490843433122, 2.0, 2.5, 4.0, 7.0, 1.3583053601908501, 10048.334, 32.49608992496146, (0.9999297259176403, 0.0), 6.502781867980957
cols_4_distinct_1000_corr_8_skew_4, 1.1, 2.0, 2.5, 4.0, 6.0, 1.3681683924599684, 20715.462, 32.31594603446036, (0.9998678031319068, 0.0), 6.480041027069092
cols_4_distinct_1000_corr_8_skew_6, 1.1593539446282004, 2.0, 3.0, 4.0, 9.0, 1.4247295265986086, 111582.391, 39.288032685827694, (0.9994146823790169, 0.0), 6.411147356033325
cols_4_distinct_1000_corr_8_skew_8, 1.125, 2.0, 2.6666666666666665, 4.0, 6.0, 1.3632707972037832, 73044.544, 32.7245784709325, (0.9998352914973879, 0.0), 6.582139492034912
cols_4_distinct_10000_corr_2_skew_2, 1.0412984186255105, 2.5, 4.0, 9.0, 14.0, 1.5640065220156676, 32220.356, 38.245028820583514, (0.9997760211861938, 0.0), 40.0725953578949
cols_4_distinct_10000_corr_2_skew_4, 1.0491524097418745, 2.342857142857145, 4.0, 8.0, 12.0, 1.5339702986850918, 47960.24, 35.391082229748456, (0.9996661418255137, 0.0), 40.19427847862244
cols_4_distinct_10000_corr_2_skew_6, 1.0771698007825048, 3.0, 4.0, 8.0, 18.0, 1.6000102762518258, 114691.874, 41.333912658224705, (0.9992813512397184, 0.0), 40.08794069290161
cols_4_distinct_10000_corr_2_skew_8, 1.089663202800411, 2.0, 3.0, 7.0, 27.0, 1.4992185233193742, 241702.042, 36.80052327621664, (0.9985743707689332, 0.0), 40.08912229537964
cols_4_distinct_10000_corr_4_skew_2, 1.0367181603378082, 2.290476190476191, 4.0, 8.0, 37.0, 1.542820742146644, 23493.3, 37.96017587156854, (0.9998723627696717, 0.0), 39.52381658554077
cols_4_distinct_10000_corr_4_skew_4, 1.0572311080785477, 2.5, 4.0, 6.0, 15.0, 1.5284801195753515, 53127.968, 33.93492708154259, (0.9997542140871037, 0.0), 40.10792016983032
cols_4_distinct_10000_corr_4_skew_6, 1.0956354487738813, 2.0, 4.0, 8.0, 25.0, 1.5813929167876617, 145586.793, 40.79723587182586, (0.9993893759325684, 0.0), 40.027709007263184
cols_4_distinct_10000_corr_4_skew_8, 1.166158865872406, 3.0, 4.0, 7.00333333333333, 25.0, 1.646586148669839, 566478.619, 46.50354332073107, (0.9981865504040357, 0.0), 39.855082511901855
cols_4_distinct_10000_corr_6_skew_2, 1.0377734666449026, 2.0, 4.0, 7.009999999999991, 17.5, 1.4921870704489084, 31977.094, 32.52709188877297, (0.9998082633225505, 0.0), 40.13303208351135
cols_4_distinct_10000_corr_6_skew_4, 1.0603478008724427, 2.8200000000000043, 4.0, 8.0, 16.0, 1.5559481615376445, 88924.257, 37.69463380156147, (0.9995563989217069, 0.0), 39.958189725875854
cols_4_distinct_10000_corr_6_skew_6, 1.087375545633197, 2.5, 4.0, 8.0, 23.0, 1.5768810872361168, 202131.067, 40.55445959684938, (0.9990864335337367, 0.0), 40.08253860473633
cols_4_distinct_10000_corr_6_skew_8, 1.132330775765146, 2.258333333333335, 3.009999999999991, 7.0, 11.0, 1.5366723676312717, 391038.301, 39.9240380788608, (0.9980380755362944, 0.0), 39.82326650619507
cols_4_distinct_10000_corr_8_skew_2, 1.0441666345127394, 2.170000000000001, 3.683333333333318, 7.858571428571427, 36.0, 1.5100354874316617, 29280.329, 33.63347795823155, (0.9998239673119097, 0.0), 40.08857870101929
cols_4_distinct_10000_corr_8_skew_4, 1.0640935692826008, 2.0, 3.2442307692307573, 6.001249999999999, 19.4, 1.464987636854496, 54107.124, 35.484748789445305, (0.9997469757030891, 0.0), 40.04967188835144
cols_4_distinct_10000_corr_8_skew_6, 1.0989897750967295, 2.0, 3.0718749999999915, 8.0, 16.0, 1.5061480697644019, 150002.661, 37.1040436954567, (0.9993383232429623, 0.0), 39.94664549827576
cols_4_distinct_10000_corr_8_skew_8, 1.0896552653772646, 2.0, 3.202499999999998, 7.0, 14.0, 1.496629573297181, 354015.089, 39.14180184886551, (0.9990841760965813, 0.0), 39.55932831764221
cols_6_distinct_10_corr_2_skew_2, 1.1092329545454547, 1.75, 2.0, 3.0, 5.0, 1.259259749129682, 271.135, 22.85048476150149, (0.9992983743839512, 0.0), 7.027745246887207
cols_6_distinct_10_corr_2_skew_4, 1.1012296881862098, 1.75, 2.0, 4.0, 6.0, 1.2784449530783804, 376.403, 25.18174566488937, (0.9999426049428451, 0.0), 6.978454351425171
cols_6_distinct_10_corr_2_skew_6, 1.118545725540296, 1.6666666666666667, 2.0, 3.0, 6.0, 1.2626255374038469, 393.752, 24.173761760276662, (0.9999200432209268, 0.0), 7.107544660568237
cols_6_distinct_10_corr_2_skew_8, 1.1027526395173455, 1.7522727272727279, 2.0, 3.009999999999991, 6.0, 1.274646220921115, 453.046, 24.11620277876537, (0.9999676930286674, 0.0), 7.261175155639648
cols_6_distinct_10_corr_4_skew_2, 1.1094322344322345, 1.7800000000000005, 2.0, 3.0, 5.0, 1.2669488838875689, 342.096, 24.15771832171008, (0.9991837740065986, 0.0), 7.077033758163452
cols_6_distinct_10_corr_4_skew_4, 1.1017819283190309, 1.6666666666666667, 2.0, 3.0, 6.0, 1.248753789981166, 409.688, 22.2708608528174, (0.9993170219086182, 0.0), 7.014465093612671
cols_6_distinct_10_corr_4_skew_6, 1.1037999037999038, 1.75, 2.0, 4.0, 5.0, 1.281284696439976, 209.826, 25.610584176168466, (0.9996088900107588, 0.0), 6.978500604629517
cols_6_distinct_10_corr_4_skew_8, 1.1, 1.7142857142857142, 2.0, 3.5, 6.0, 1.2691335361522806, 278.999, 24.301672866489817, (0.9999057298928357, 0.0), 7.047712326049805
cols_6_distinct_10_corr_6_skew_2, 1.131578947368421, 2.0, 2.0, 4.0, 6.0, 1.3091262789891338, 223.231, 28.412094694041436, (0.9998606368699474, 0.0), 7.168704986572266
cols_6_distinct_10_corr_6_skew_4, 1.119435736677116, 1.8571428571428572, 2.0, 3.0, 8.0, 1.2911946804199774, 157.322, 27.033475863702073, (0.9999018374628235, 0.0), 7.247300386428833
cols_6_distinct_10_corr_6_skew_6, 1.1111111111111112, 1.6666666666666667, 2.0, 3.0, 6.0, 1.2601183438348573, 493.17, 23.6229338700574, (0.9998082905349415, 0.0), 7.018855333328247
cols_6_distinct_10_corr_6_skew_8, 1.1111111111111112, 2.0, 2.0, 3.0, 7.0, 1.2894927294328322, 1664.07, 25.307450350465317, (0.9997032702404237, 0.0), 7.063435316085815
cols_6_distinct_10_corr_8_skew_2, 1.125, 2.0, 2.0, 3.0, 6.0, 1.3039692680390171, 372.064, 27.518057607203318, (0.999456244934172, 0.0), 7.07239031791687
cols_6_distinct_10_corr_8_skew_4, 1.1408899181209162, 2.0, 2.5, 4.0, 7.0, 1.3716438128072455, 342.97, 32.95863698212449, (0.9994682091815809, 0.0), 6.887860059738159
cols_6_distinct_10_corr_8_skew_6, 1.1381479071784861, 2.0, 2.0, 4.0, 6.0, 1.3176455556862279, 1466.23, 28.772326172653646, (0.9994271875084244, 0.0), 7.13098669052124
cols_6_distinct_10_corr_8_skew_8, 1.133739837398374, 2.0, 2.3333333333333335, 3.5049999999999955, 7.0, 1.3410731199965285, 2057.214, 31.004127884951572, (0.9997867642287067, 0.0), 7.12760591506958
cols_6_distinct_100_corr_2_skew_2, 1.0960615153788447, 2.0, 2.0, 3.0, 5.0, 1.302639799018288, 317.641, 24.382850375239695, (0.9998147095684797, 0.0), 7.193239212036133
cols_6_distinct_100_corr_2_skew_4, 1.0909090909090908, 2.0, 2.0, 3.0, 4.0, 1.284412647181673, 320.395, 23.09906312166442, (0.9998180087254501, 0.0), 7.196228504180908
cols_6_distinct_100_corr_2_skew_6, 1.0904995904995904, 2.0, 2.0, 3.0049999999999955, 5.0, 1.2903704604006319, 314.111, 23.75629362010337, (0.9999845057659481, 0.0), 7.138634920120239
cols_6_distinct_100_corr_2_skew_8, 1.07465783117607, 2.0, 2.0, 3.0, 5.0, 1.2735989228137095, 808.333, 23.181363354935762, (0.9999856919414725, 0.0), 7.1212241649627686
cols_6_distinct_100_corr_4_skew_2, 1.1, 1.8504273504273514, 2.0, 3.0, 6.0, 1.2695291353823592, 407.39, 22.26879019594272, (0.9997740097783605, 0.0), 7.127242088317871
cols_6_distinct_100_corr_4_skew_4, 1.1, 2.0, 2.0, 3.0049999999999955, 5.0, 1.288439111098303, 574.456, 24.12177637991623, (0.9996822516243891, 0.0), 7.1948018074035645
cols_6_distinct_100_corr_4_skew_6, 1.0952380952380953, 2.0, 2.0, 4.0, 7.0, 1.318996525324501, 581.491, 26.38516329359953, (0.9997020441838418, 0.0), 7.308267593383789
cols_6_distinct_100_corr_4_skew_8, 1.0952380952380953, 2.0, 2.0, 3.009999999999991, 6.0, 1.3042871795479696, 3113.387, 25.846239470057274, (0.9999351466699273, 0.0), 7.09894585609436
cols_6_distinct_100_corr_6_skew_2, 1.1, 2.0, 2.0, 3.0, 6.0, 1.288865574033865, 610.255, 24.974306193948532, (0.9996308302402657, 0.0), 7.15074610710144
cols_6_distinct_100_corr_6_skew_4, 1.1, 2.0, 2.0, 3.0, 6.0, 1.2954445475759053, 337.113, 24.68419491513247, (0.9997699196033423, 0.0), 7.158764600753784
cols_6_distinct_100_corr_6_skew_6, 1.1111111111111112, 2.0, 2.0, 3.0, 12.0, 1.319526293100995, 483.541, 28.352525290195963, (0.999797489923796, 0.0), 7.149416923522949
cols_6_distinct_100_corr_6_skew_8, 1.1246468926553672, 2.0, 2.0, 3.0, 6.0, 1.338427844954867, 2336.645, 30.458893971792932, (0.9997741687128517, 0.0), 7.121937990188599
cols_6_distinct_100_corr_8_skew_2, 1.116025641025641, 2.0, 2.3416666666666592, 4.0, 5.0, 1.3406698563477804, 294.384, 29.52746026303878, (0.9998408641815714, 0.0), 7.1578145027160645
cols_6_distinct_100_corr_8_skew_4, 1.1149442160892544, 2.0, 2.5, 4.0, 7.0, 1.3536600538364858, 650.443, 30.81650960022556, (0.9996367518537224, 0.0), 7.089524745941162
cols_6_distinct_100_corr_8_skew_6, 1.1176470588235294, 2.0, 2.5, 4.0, 6.333333333333333, 1.3594642530574352, 1443.489, 30.49156946500422, (0.9992622244665917, 0.0), 7.191269397735596
cols_6_distinct_100_corr_8_skew_8, 1.140486807878112, 2.0, 2.5, 4.0, 6.0, 1.3654660560753737, 3326.44, 32.65247040094829, (0.9999655168482595, 0.0), 7.163981199264526
cols_6_distinct_1000_corr_2_skew_2, 1.125, 2.0, 3.0, 4.0, 6.0, 1.4403663737488563, 878.186, 38.05233855499754, (0.9999514767243601, 0.0), 11.870940208435059
cols_6_distinct_1000_corr_2_skew_4, 1.1, 2.0, 3.0, 4.0, 7.0, 1.4117890563345303, 1368.454, 35.30942916300413, (0.9999194544837422, 0.0), 11.910916328430176
cols_6_distinct_1000_corr_2_skew_6, 1.1373248922413794, 2.0, 3.0, 4.0, 5.0, 1.4281547513823778, 3847.583, 36.166841391876915, (0.9998204751664347, 0.0), 11.917364358901978
cols_6_distinct_1000_corr_2_skew_8, 1.125, 2.0, 2.5, 4.0, 6.0, 1.405506380260072, 3482.51, 33.14466452715296, (0.9998638810636749, 0.0), 11.885055780410767
cols_6_distinct_1000_corr_4_skew_2, 1.094823311626062, 2.0, 3.0, 4.0, 5.0, 1.4162801011837505, 1365.368, 35.46200752261471, (0.9997388452545642, 0.0), 11.88553261756897
cols_6_distinct_1000_corr_4_skew_4, 1.1121870357970245, 2.0, 3.0, 4.0, 6.0, 1.4394922947825894, 3419.921, 38.04477876327793, (0.9990150719372444, 0.0), 11.878553867340088
cols_6_distinct_1000_corr_4_skew_6, 1.1192461995737664, 2.0, 3.0, 4.0, 6.0, 1.4196471499590448, 1955.459, 35.058361480585994, (0.9998766452609099, 0.0), 11.871705293655396
cols_6_distinct_1000_corr_4_skew_8, 1.1666666666666667, 2.0, 3.0, 4.0, 5.0, 1.4684709677597796, 9803.109, 37.77843096923097, (0.9997484150819991, 0.0), 11.859448671340942
cols_6_distinct_1000_corr_6_skew_2, 1.1271284271284272, 2.0, 3.0, 4.0, 9.0, 1.4473676573057943, 3880.711, 35.49854014642911, (0.9994379086932323, 0.0), 11.85103702545166
cols_6_distinct_1000_corr_6_skew_4, 1.1666666666666667, 2.0, 3.0, 4.0, 9.0, 1.4603796758025729, 10831.813, 39.393931130232545, (0.9989594661887923, 0.0), 11.855796575546265
cols_6_distinct_1000_corr_6_skew_6, 1.2, 2.0, 3.0, 5.0, 17.0, 1.4803401669562386, 19033.859, 38.50305580842573, (0.9992080757937196, 0.0), 11.853531122207642
cols_6_distinct_1000_corr_6_skew_8, 1.2, 2.0, 3.0, 5.0, 15.0, 1.4790361194851003, 35278.495, 41.73757578855123, (0.9995654668904643, 0.0), 11.889997959136963
cols_6_distinct_1000_corr_8_skew_2, 1.105643553389455, 2.0, 3.0, 4.2489655172413725, 29.0, 1.4504444594838888, 4575.884, 31.90697213941655, (0.9998081869171728, 0.0), 11.847612857818604
cols_6_distinct_1000_corr_8_skew_4, 1.1549443982540013, 2.0, 3.0, 5.0, 41.0, 1.4972637610412896, 15356.795, 35.37301430518534, (0.999614037924124, 0.0), 11.830252647399902
cols_6_distinct_1000_corr_8_skew_6, 1.1428571428571428, 2.0, 3.0, 4.009999999999991, 14.0, 1.4399741318283714, 31615.596, 39.76228354530691, (0.9997614233247387, 0.0), 11.902046918869019
cols_6_distinct_1000_corr_8_skew_8, 1.2, 2.0, 3.0, 5.0, 10.5, 1.484871764734167, 5979.13, 44.47396082027594, (0.9997263075867764, 0.0), 11.857934474945068
cols_6_distinct_10000_corr_2_skew_2, 1.0486871467148278, 2.0, 2.0, 4.0, 8.0, 1.2555482699375276, 14182.106, 17.686229043696336, (0.9997497145060541, 0.0), 87.68650913238525
cols_6_distinct_10000_corr_2_skew_4, 1.0779440898084967, 2.0, 2.5, 5.0, 11.0, 1.3353809752093022, 40069.304, 23.572524517835923, (0.9992547210979313, 0.0), 87.7026150226593
cols_6_distinct_10000_corr_2_skew_6, 1.1352229832871883, 2.0, 2.4049999999999954, 4.002499999999998, 18.0, 1.37842797339116, 95694.309, 26.475904624885455, (0.9985011945883281, 0.0), 87.51569557189941
cols_6_distinct_10000_corr_2_skew_8, 1.2702386711820672, 2.1681818181818184, 3.0, 5.0, 10.0, 1.548130863869161, 274780.86, 38.67811301920322, (0.99548161731787, 0.0), 87.59908175468445
cols_6_distinct_10000_corr_4_skew_2, 1.071718931475029, 2.0, 2.5728571428571416, 7.0, 17.0, 1.3776057334349567, 19621.061, 22.658115177707987, (0.9995928588368851, 0.0), 86.54830169677734
cols_6_distinct_10000_corr_4_skew_4, 1.1250601539942253, 2.0, 3.0, 5.503999999999996, 17.0, 1.4103199835112072, 110995.068, 26.271465722249193, (0.9981622523567207, 0.0), 87.52357459068298
cols_6_distinct_10000_corr_4_skew_6, 1.2233505747126436, 2.173951048951049, 3.0, 5.0, 8.0, 1.495132662419419, 271550.829, 32.062656462073306, (0.9934300399634668, 0.0), 87.24712419509888
cols_6_distinct_10000_corr_4_skew_8, 1.3660780915240365, 2.4825305810397555, 3.0, 4.89758620689655, 14.0, 1.6338558689093645, 508930.15, 43.01804704334028, (0.9902713403518231, 0.0), 99.35110545158386
cols_6_distinct_10000_corr_6_skew_2, 1.0966858476115295, 2.0, 3.0, 6.0, 24.0, 1.4470349885141622, 34752.813, 30.253996443658387, (0.9992015399266588, 0.0), 99.25255274772644
cols_6_distinct_10000_corr_6_skew_4, 1.1551057394101054, 2.0, 3.0, 5.00555555555555, 18.0, 1.4480125171389253, 100083.402, 29.80962474414202, (0.9980295090916715, 0.0), 99.1826524734497
cols_6_distinct_10000_corr_6_skew_6, 1.2521694698272463, 2.1307246376811597, 3.0, 6.0, 19.0, 1.561329490014802, 333810.843, 39.79783079731425, (0.9961620240535178, 0.0), 98.85231351852417
cols_6_distinct_10000_corr_6_skew_8, 1.3449360150912613, 2.6291666666666678, 3.2639410187667552, 7.0, 23.333333333333332, 1.6999637315279323, 707781.069, 49.38001933225932, (0.9918470217006434, 0.0), 98.72708129882812
cols_6_distinct_10000_corr_8_skew_2, 1.1358188750061364, 2.0, 3.0, 6.252499999999998, 18.5, 1.4543996250608993, 39908.216, 34.02947056525781, (0.9992101733508651, 0.0), 99.14670038223267
cols_6_distinct_10000_corr_8_skew_4, 1.1803758598324139, 2.0, 2.5049999999999955, 5.273999999999998, 25.2, 1.4768711528923073, 119916.098, 34.8678274935858, (0.998471996468951, 0.0), 99.20731449127197
cols_6_distinct_10000_corr_8_skew_6, 1.2469352947446968, 2.099783136262715, 3.0, 7.0, 14.0, 1.5373233816658, 201148.002, 39.85154069567777, (0.9978442769169283, 0.0), 98.84479665756226
cols_6_distinct_10000_corr_8_skew_8, 1.3333333333333333, 2.8622257053291538, 4.0, 9.627234848484846, 24.0, 1.7748343979578072, 378619.059, 59.501961270461855, (0.9962057470857115, 0.0), 98.10732960700989
cols_8_distinct_10_corr_2_skew_2, 1.2, 2.0, 2.5, 4.0, 6.0, 1.4425033491728878, 23.188, 38.46603684876192, (0.9996081401260446, 0.0), 11.436372995376587
cols_8_distinct_10_corr_2_skew_4, 1.1856158484065462, 2.0, 2.6074999999999933, 4.0, 5.5, 1.4242960064048578, 24.751, 36.63250478667222, (0.9996635915450619, 0.0), 11.412554025650024
cols_8_distinct_10_corr_2_skew_6, 1.2, 2.0, 2.5, 3.009999999999991, 6.0, 1.4150903775767978, 47.183, 35.5053493284359, (0.9995372822900656, 0.0), 11.5418860912323
cols_8_distinct_10_corr_2_skew_8, 1.1883445945945947, 2.0, 2.5, 4.0, 4.0, 1.3943742087615667, 26.951, 33.655821275908586, (0.9996464391916786, 0.0), 11.327080249786377
cols_8_distinct_10_corr_4_skew_2, 1.1851285189718483, 2.0, 3.0, 4.0, 5.0, 1.437369836827499, 47.706, 37.40547908673849, (0.9996739646404504, 0.0), 11.398658275604248
cols_8_distinct_10_corr_4_skew_4, 1.2, 2.0, 3.0, 4.0, 5.0, 1.4475645256486414, 67.875, 38.63571064701151, (0.9995561511017187, 0.0), 11.269469738006592
cols_8_distinct_10_corr_4_skew_6, 1.2, 2.0, 3.0, 4.0, 6.0, 1.4492582565585186, 41.108, 39.006673295279114, (0.9996401039766036, 0.0), 11.745383262634277
cols_8_distinct_10_corr_4_skew_8, 1.1889880952380953, 2.0, 2.5, 4.0, 6.0, 1.412051528969374, 40.385, 35.66761240360044, (0.9994613704155365, 0.0), 11.7455894947052
cols_8_distinct_10_corr_6_skew_2, 1.2, 2.0, 2.6033333333333304, 4.0, 6.0, 1.4383100315436048, 24.715, 36.982872659316065, (0.9996988210643177, 0.0), 11.606147050857544
cols_8_distinct_10_corr_6_skew_4, 1.1803614457831326, 2.0, 2.6666666666666665, 4.0, 7.0, 1.42726911051163, 35.32, 36.79300109755641, (0.9996217273604612, 0.0), 14.478408813476562
cols_8_distinct_10_corr_6_skew_6, 1.2, 2.0, 2.6666666666666665, 4.0, 6.0, 1.4366857839088087, 30.745, 36.50659025014355, (0.9997047506043939, 0.0), 11.738012075424194
cols_8_distinct_10_corr_6_skew_8, 1.1702898550724639, 2.0, 2.5, 3.339999999999994, 5.0, 1.3740657809612493, 72.958, 31.62629345444606, (0.9983805641977683, 0.0), 11.795171737670898
cols_8_distinct_10_corr_8_skew_2, 1.2, 2.0, 2.5049999999999955, 4.0, 6.0, 1.4238567103793953, 71.412, 36.79654573397397, (0.9995209213954299, 0.0), 12.038452863693237
cols_8_distinct_10_corr_8_skew_4, 1.1428571428571428, 2.0, 2.5, 4.0, 7.0, 1.3984713882104651, 83.363, 33.926063420549305, (0.9996223534740408, 0.0), 12.316379308700562
cols_8_distinct_10_corr_8_skew_6, 1.1875, 2.0, 2.6708333333333294, 4.0, 6.0, 1.424615870219171, 112.938, 36.31468314697241, (0.9990878044277385, 0.0), 11.367878913879395
cols_8_distinct_10_corr_8_skew_8, 1.1666666666666667, 2.0, 2.5, 4.0, 8.0, 1.3859791348323014, 165.82, 34.10614420101565, (0.9978207778877349, 0.0), 12.192047119140625
cols_8_distinct_100_corr_2_skew_2, 1.1428571428571428, 2.0, 2.5, 4.0, 7.0, 1.3895210411253416, 125.501, 33.59397740740025, (0.9993346908898283, 0.0), 11.868178367614746
cols_8_distinct_100_corr_2_skew_4, 1.125, 2.0, 2.0, 3.2524999999999977, 7.0, 1.3421940088933537, 103.753, 29.457700280291576, (0.9994611756728501, 0.0), 11.856873750686646
cols_8_distinct_100_corr_2_skew_6, 1.1396103896103895, 2.0, 2.2880952380952357, 3.5, 5.0, 1.3431976019742315, 251.447, 28.63664827580037, (0.9999792629196015, 0.0), 11.228654384613037
cols_8_distinct_100_corr_2_skew_8, 1.1138147566718994, 2.0, 2.0, 3.009999999999991, 6.0, 1.3194239650963533, 583.932, 27.093978931945195, (0.9995641092135444, 0.0), 11.018287658691406
cols_8_distinct_100_corr_4_skew_2, 1.1441558441558441, 2.0, 2.5, 4.0, 8.0, 1.3706966148598303, 70.203, 32.86502130428754, (0.9996448717376658, 0.0), 10.749882459640503
cols_8_distinct_100_corr_4_skew_4, 1.1428571428571428, 2.0, 2.3333333333333335, 4.0, 9.0, 1.3725779472864714, 77.667, 32.7440839874191, (0.9996109643290084, 0.0), 11.084669828414917
cols_8_distinct_100_corr_4_skew_6, 1.125, 2.0, 2.5, 4.0, 7.0, 1.3605616275874335, 115.686, 30.637926968786132, (0.9999909481111124, 0.0), 11.70868182182312
cols_8_distinct_100_corr_4_skew_8, 1.1419413919413919, 2.0, 2.0, 4.0, 7.0, 1.3667415126941842, 149.617, 31.415891468609765, (0.9999878012523334, 0.0), 11.828487634658813
cols_8_distinct_100_corr_6_skew_2, 1.1428571428571428, 2.0, 3.0, 4.0, 7.0, 1.402420845522827, 83.476, 35.022785043726984, (0.9996276062920465, 0.0), 11.349730253219604
cols_8_distinct_100_corr_6_skew_4, 1.157169990503324, 2.0, 2.3416666666666592, 4.0, 8.0, 1.3926328279924958, 101.286, 34.08170862531744, (0.9998985214683435, 0.0), 10.607573747634888
cols_8_distinct_100_corr_6_skew_6, 1.1666666666666667, 2.0, 3.0, 4.0, 6.0, 1.4144842376357256, 358.027, 36.210806870203236, (0.999981548866351, 0.0), 11.190240383148193
cols_8_distinct_100_corr_6_skew_8, 1.1206060606060606, 2.0, 3.0, 4.0, 7.0, 1.3912239043417927, 349.735, 33.161713885962904, (0.9999568534656567, 0.0), 11.31411623954773
cols_8_distinct_100_corr_8_skew_2, 1.1333333333333333, 2.0, 2.5, 4.0, 6.0, 1.3858305334263155, 150.113, 33.23412361526765, (0.9999904085310974, 0.0), 11.012219667434692
cols_8_distinct_100_corr_8_skew_4, 1.1491324535679375, 2.0, 2.254166666666663, 4.0, 15.0, 1.3997447408923804, 653.286, 33.407574459912745, (0.9999762526850146, 0.0), 11.102869749069214
cols_8_distinct_100_corr_8_skew_6, 1.1055727554179566, 2.0, 2.502777777777775, 4.0, 6.0, 1.3756062391869441, 208.361, 32.56920289236536, (0.9999764592896118, 0.0), 10.947840690612793
cols_8_distinct_100_corr_8_skew_8, 1.1666666666666667, 2.0, 2.5049999999999955, 4.0, 6.0, 1.4164695498930169, 143.081, 34.02135758136156, (0.9999934468690577, 0.0), 10.719666957855225
cols_8_distinct_1000_corr_2_skew_2, 1.0336158192090394, 2.0, 2.0, 3.009999999999991, 5.0, 1.3105884686056475, 272.876, 22.54030771034031, (0.9998844475006996, 0.0), 21.803165912628174
cols_8_distinct_1000_corr_2_skew_4, 1.049604294707242, 2.0, 2.0, 3.0, 5.0, 1.3423363725287691, 768.917, 25.92167302540106, (0.9998124288691307, 0.0), 21.69608736038208
cols_8_distinct_1000_corr_2_skew_6, 1.0594117647058825, 2.0, 2.0, 3.0, 6.0, 1.3522088678547426, 1198.899, 27.600996339343283, (0.9998149470526047, 0.0), 21.74446392059326
cols_8_distinct_1000_corr_2_skew_8, 1.0762061403508771, 2.0, 2.3416666666666592, 3.5049999999999955, 6.0, 1.3731563384062442, 296.469, 31.221809632905156, (0.9992222651454697, 0.0), 21.90491271018982
cols_8_distinct_1000_corr_4_skew_2, 1.0459697249116338, 2.0, 2.1666666666666665, 3.009999999999991, 5.0, 1.3240623428110667, 1087.255, 23.49793196090534, (0.9998370028324886, 0.0), 21.851627111434937
cols_8_distinct_1000_corr_4_skew_4, 1.0479552252840973, 2.0, 2.0, 3.0049999999999955, 7.0, 1.313762628195354, 1442.471, 23.54987194686466, (0.9998699107709047, 0.0), 21.5042986869812
cols_8_distinct_1000_corr_4_skew_6, 1.0773950857122299, 2.0, 2.036706349206348, 3.0, 7.0, 1.3554423792247199, 5133.216, 27.559918863980194, (0.9997020205993447, 0.0), 21.760547876358032
cols_8_distinct_1000_corr_4_skew_8, 1.091015293118097, 2.0, 3.0, 4.0, 6.0, 1.414001803276298, 1161.048, 32.87331853816412, (0.9996832941245213, 0.0), 22.154545783996582
cols_8_distinct_1000_corr_6_skew_2, 1.05, 2.0, 2.0, 3.0, 6.0, 1.3071283723247902, 1878.194, 23.286991652660145, (0.9997922201296614, 0.0), 21.849376678466797
cols_8_distinct_1000_corr_6_skew_4, 1.0656024022551782, 2.0, 3.0, 4.0, 12.0, 1.3866717126133687, 834.842, 29.809650291625157, (0.9993624633873671, 0.0), 21.807018041610718
cols_8_distinct_1000_corr_6_skew_6, 1.1020339309812994, 2.0, 3.0, 4.0, 7.0, 1.4227238822867654, 1369.674, 32.87507446790119, (0.9997069908047057, 0.0), 21.933096647262573
cols_8_distinct_1000_corr_6_skew_8, 1.1666666666666667, 2.2, 3.0, 6.0, 10.0, 1.5434205591703571, 6783.565, 44.784730049194074, (0.9998008729094302, 0.0), 21.710005283355713
cols_8_distinct_1000_corr_8_skew_2, 1.0823330038130208, 2.0, 2.009999999999991, 5.0, 11.0, 1.3903787483602037, 614.166, 28.722851206705762, (0.9990983752988226, 0.0), 21.840326070785522
cols_8_distinct_1000_corr_8_skew_4, 1.1307535966205715, 2.0, 3.0, 4.339999999999994, 38.5, 1.4829905131434433, 4365.687, 35.066751855266574, (0.9998117949680615, 0.0), 22.33345365524292
cols_8_distinct_1000_corr_8_skew_6, 1.1683543281653748, 2.2, 3.0, 5.0, 9.0, 1.514078278435132, 12074.061, 42.96428200940176, (0.9999203406196419, 0.0), 21.788994550704956
cols_8_distinct_1000_corr_8_skew_8, 1.238247619047619, 2.6666666666666665, 3.0124999999999886, 5.501666666666665, 9.0, 1.5956763576225999, 60310.776, 52.21941782286105, (0.9991297587181712, 0.0), 21.82012963294983
cols_8_distinct_10000_corr_2_skew_2, 1.081241858445506, 1.566271409749671, 2.0, 3.0, 9.0, 1.2265642755496384, 2018.352, 16.365797328402905, (0.997064422187284, 0.0), 175.44837474822998
cols_8_distinct_10000_corr_2_skew_4, 1.1088591042824452, 1.7789473684210528, 2.1508333333333325, 4.0, 12.0, 1.3075313663978405, 3372.588, 20.984994304854947, (0.9948066684880557, 0.0), 175.301509141922
cols_8_distinct_10000_corr_2_skew_6, 1.167816091954023, 2.0, 2.5, 4.5049999999999955, 30.0, 1.3982118302766162, 7437.281, 27.664726347697343, (0.9880252252533732, 0.0), 175.10799908638
cols_8_distinct_10000_corr_2_skew_8, 1.2491935483870966, 2.022075163398693, 2.7501190476190476, 4.429285714285714, 8.0, 1.4644069265109378, 14226.911, 33.35758723176667, (0.976634436748823, 0.0), 175.1140055656433
cols_8_distinct_10000_corr_4_skew_2, 1.1177315753887762, 2.0, 2.5, 5.0, 10.0, 1.3644472007263118, 3764.463, 21.25568328461889, (0.9933254036386704, 0.0), 171.94614171981812
cols_8_distinct_10000_corr_4_skew_4, 1.2, 2.0, 3.0, 6.0049999999999955, 13.0, 1.5080300717411292, 7994.409, 28.076211472406648, (0.9850681597633403, 0.0), 174.72757005691528
cols_8_distinct_10000_corr_4_skew_6, 1.2872296615123013, 2.6, 3.6033333333333304, 6.250833333333333, 14.0, 1.6348891719036762, 16497.972, 35.87492500095289, (0.9665365243282998, 0.0), 174.15678787231445
cols_8_distinct_10000_corr_4_skew_8, 1.489155304811158, 3.0, 4.005607476635509, 6.372667876588017, 10.0, 1.840914673717996, 48798.193, 52.507730369366776, (0.9206569335244703, 0.0), 175.1401617527008
cols_8_distinct_10000_corr_6_skew_2, 1.1401849516603615, 2.0, 3.5629464285714283, 7.0, 18.0, 1.522185931540053, 9131.777, 30.231631065690816, (0.9994120033372346, 0.0), 175.47232842445374
cols_8_distinct_10000_corr_6_skew_4, 1.201390148766328, 2.2922570850202435, 3.2857142857142856, 6.009999999999991, 16.0, 1.5694568225862053, 7978.261, 34.1091742227391, (0.9846242027744222, 0.0), 173.68187832832336
cols_8_distinct_10000_corr_6_skew_6, 1.358677930932266, 2.8576354679802956, 3.932142857142854, 7.0, 11.0, 1.7156824553029155, 17840.974, 47.63612542196063, (0.9660892945205019, 0.0), 172.96336793899536
cols_8_distinct_10000_corr_6_skew_8, 1.5538488291212613, 3.277507598784195, 4.333333333333333, 9.100999999999999, 52.0, 2.049039984398111, 121209.041, 76.8928677014234, (0.9198508911236098, 0.0), 174.43306159973145
cols_8_distinct_10000_corr_8_skew_2, 1.2070722849220916, 2.0, 3.0874999999999964, 6.011999999999989, 23.0, 1.5536606466906417, 10117.581, 39.83886839359011, (0.9878810598889324, 0.0), 175.30887722969055
cols_8_distinct_10000_corr_8_skew_4, 1.2425510322913373, 2.2276223776223776, 3.0, 8.0, 18.0, 1.5882526815775717, 10931.926, 46.24667682798732, (0.9841168423936132, 0.0), 175.13065242767334
cols_8_distinct_10000_corr_8_skew_6, 1.320427807486631, 2.3817460317460317, 3.0, 5.006666666666661, 7.6, 1.5863983905235437, 31384.646, 47.61407703031195, (0.9648214243132757, 0.0), 173.78706002235413
cols_8_distinct_10000_corr_8_skew_8, 1.436491935483871, 3.0, 4.0, 7.0, 45.0, 1.8853345983467689, 179190.942, 69.37080778233572, (0.9899080510020466, 0.0), 173.33017253875732
